City_ID,City,Lat,Lng,Max Temp,Humidity,Cloudiness,Wind Speed,Country,Date
0,adamstown,-25.066,-130.1015,19.9,85,100,7.39,PN,1693951385
1,parabel',58.6978,81.4825,11.1,98,95,3.55,RU,1693951785
2,blackmans bay,-43.0167,147.3167,10.41,68,95,3.59,AU,1693951383
3,grytviken,-54.2811,-36.5092,-4.06,79,48,4.71,GS,1693951383
4,anzio,41.4853,12.6179,23.89,54,0,2.35,IT,1693951785
5,kapa'a,22.0752,-159.319,29.71,71,0,3.13,US,1693951397
6,punta arenas,-53.15,-70.9167,2.99,67,61,4.96,CL,1693951215
7,invercargill,-46.4,168.35,11.12,99,74,1.79,NZ,1693951409
8,nizhniy kuranakh,58.8353,125.4869,8.7,74,100,2.58,RU,1693951786
9,sodra sandby,56.5667,16.6167,17.72,78,0,3.69,SE,1693951786
10,lihue,21.9789,-159.3672,29.3,63,13,3.06,US,1693951206
11,port-aux-francais,-49.35,70.2167,2.63,81,99,15.17,TF,1693951385
12,vadso,70.0744,29.7487,7.49,81,20,6.69,NO,1693951417
13,bonthe,7.5264,-12.505,25.28,85,99,3.44,SL,1693951787
14,fort saskatchewan,53.7168,-113.2187,17.05,60,100,6.06,CA,1693951712
15,avarua,-21.2078,-159.775,24.03,69,40,8.75,CK,1693951401
16,holualoa,19.6228,-155.9522,28.08,74,20,4.63,US,1693951614
17,bilibino,68.0546,166.4372,1.52,69,95,2.14,RU,1693951406
18,talnakh,69.4865,88.3972,2.34,81,30,0.25,RU,1693951385
19,hermanus,-34.4187,19.2345,8.78,72,35,6.71,ZA,1693951388
20,avsallar,36.616,31.7806,25.7,76,11,0.86,TR,1693951787
21,edinburgh of the seven seas,-37.0676,-12.3116,14.12,87,100,14.27,SH,1693951387
22,winnemucca,40.973,-117.7357,24.03,33,40,1.54,US,1693951788
23,puerto natales,-51.7236,-72.4875,0.62,76,8,1.9,CL,1693951333
24,udachny,66.4167,112.4,-1.97,100,81,4.1,RU,1693951346
25,mount pearl,47.5166,-52.7813,18.03,95,100,1.54,CA,1693951116
26,bethel,41.3712,-73.414,31.14,71,100,2.72,US,1693951398
27,bredasdorp,-34.5322,20.0403,6.77,80,4,4.04,ZA,1693951395
28,arkhangel'sk,64.5401,40.5433,10.86,96,100,4.71,RU,1693951246
29,rioja,-29.4111,-66.8507,16.63,59,66,4.91,AR,1693951788
30,laojunmiao,39.8333,97.7333,17.4,41,57,5.63,CN,1693951637
31,ar ruways,24.1103,52.7306,31.65,70,29,3.81,AE,1693951789
32,pandan,14.0453,124.1694,27.12,81,97,1.87,PH,1693951460
33,portland,45.5234,-122.6762,24.3,48,0,4.63,US,1693951280
34,labytnangi,66.6572,66.4183,6.97,76,17,2.51,RU,1693951789
35,yerofey pavlovich,53.9667,121.9667,7.46,70,96,0.56,RU,1693951440
36,an ros,53.5223,-6.0931,18.89,91,40,2.06,IE,1693951789
37,santander jimenez,24.2167,-98.4667,38.33,34,0,10.2,MX,1693951789
38,georgetown,5.4112,100.3354,26.64,97,20,0.0,MY,1693951182
39,aspen,39.1911,-106.8175,23.61,18,0,4.12,US,1693951790
40,ilulissat,69.2167,-51.1,7.01,87,75,0.51,GL,1693951411
41,kabare,-2.4683,28.8242,17.61,86,67,1.18,CD,1693951790
42,santo antonio,-6.3106,-35.4789,22.94,82,6,4.79,BR,1693951710
43,port lincoln,-34.7333,135.8667,12.43,61,0,7.2,AU,1693951387
44,pisco,-13.7,-76.2167,20.03,77,0,9.26,PE,1693951438
45,lebu,-37.6167,-73.65,10.35,95,100,9.29,CL,1693951403
46,waitangi,-43.9535,-176.5597,12.12,87,100,2.24,NZ,1693951383
47,nova sintra,14.8667,-24.7167,23.8,78,100,9.16,CV,1693951439
48,haiku-pauwela,20.9219,-156.3051,30.01,55,40,9.26,US,1693951434
49,narimanov,46.6927,47.8498,20.95,33,99,5.08,RU,1693951791
50,ketchikan,55.3422,-131.6461,15.26,77,75,3.09,US,1693951791
51,tiksi,71.6872,128.8694,2.56,89,56,6.66,RU,1693951382
52,fale old settlement,-9.3852,-171.2468,27.92,80,54,8.43,TK,1693951418
53,sao tome,0.3365,6.7273,24.75,86,75,3.48,ST,1693951791
54,puerto ayacucho,5.6639,-67.6236,29.38,75,19,1.18,VE,1693951791
55,hawaiian paradise park,19.5933,-154.9731,29.46,73,100,4.63,US,1693951422
56,tvoroyri,61.5556,-6.8111,11.19,77,58,4.16,FO,1693951580
57,monrovia,6.3005,-10.7969,24.87,83,62,3.8,LR,1693951792
58,luderitz,-26.6481,15.1594,11.78,62,71,12.17,NA,1693951560
59,ribeira grande,38.5167,-28.7,22.65,78,46,3.58,PT,1693951401
60,minas de marcona,-15.2119,-75.1103,15.87,71,74,5.48,PE,1693951457
61,mata-utu,-13.2816,-176.1745,27.61,69,56,9.36,WF,1693951792
62,aykhal,66.0,111.5,-3.49,97,51,3.81,RU,1693951405
63,christchurch,-43.5333,172.6333,19.12,67,76,4.12,NZ,1693951448
64,wailua homesteads,22.0669,-159.378,28.96,71,0,3.13,US,1693951414
65,ta`u,-14.2336,-169.5144,27.0,65,100,7.25,AS,1693951395
66,egilsstadir,65.2653,-14.3948,13.2,50,100,3.27,IS,1693951793
67,saudarkrokur,65.7461,-19.6394,10.36,76,46,9.57,IS,1693951793
68,hamilton,39.1834,-84.5333,32.63,60,40,6.17,US,1693951691
69,tabou,4.423,-7.3528,24.73,88,74,3.33,CI,1693951449
70,adigrat,14.277,39.462,16.34,71,82,2.02,ET,1693951794
71,villa yapacani,-17.4,-63.8333,28.59,47,99,0.18,BO,1693951794
72,shyryayeve,47.3805,30.1964,18.18,57,40,4.23,UA,1693951794
73,susuman,62.7833,148.1667,7.16,57,91,0.76,RU,1693951424
74,miches,18.9836,-69.0476,29.95,69,50,2.55,DO,1693951794
75,stanley,54.868,-1.6985,15.44,94,100,1.54,GB,1693951394
76,hithadhoo,-0.6,73.0833,28.08,74,62,6.23,MV,1693951399
77,nabire,-3.3667,135.4833,24.97,90,80,1.48,ID,1693951545
78,thompson,55.7435,-97.8558,14.09,58,75,3.09,CA,1693951370
79,west island,-12.1568,96.8225,24.99,78,100,6.69,CC,1693951406
80,evron,48.1564,-0.3997,23.9,54,13,2.35,FR,1693951795
81,alice springs,-23.7,133.8833,8.75,57,0,2.57,AU,1693951297
82,minot air force base,48.4209,-101.3391,18.1,39,0,6.17,US,1693951795
83,alvaraes,-3.2208,-64.8042,33.93,30,7,0.68,BR,1693951796
84,la'ie,21.6477,-157.9253,31.98,65,99,4.47,US,1693951457
85,goondiwindi,-28.55,150.3167,17.65,33,1,2.47,AU,1693951796
86,montepuez,-13.1256,38.9997,19.68,81,0,2.45,MZ,1693951796
87,pitimbu,-7.4706,-34.8086,25.33,80,2,6.52,BR,1693951796
88,manokwari,-0.8667,134.0833,25.53,80,74,1.1,ID,1693951403
89,port elizabeth,-33.918,25.5701,12.16,71,0,8.75,ZA,1693951216
90,turis,39.3833,-0.7,24.99,95,51,0.88,ES,1693951796
91,hammerfest,70.6634,23.6821,7.25,81,75,7.72,NO,1693951429
92,yellowknife,62.456,-114.3525,15.79,52,75,2.57,CA,1693951105
93,codrington,-38.2667,141.9667,7.71,71,75,6.99,AU,1693951423
94,helena,46.5927,-112.0361,23.23,62,100,3.6,US,1693951546
95,iqaluit,63.7506,-68.5145,4.85,80,100,3.6,CA,1693951214
96,lambres-lez-douai,50.35,3.0667,22.53,67,49,2.94,FR,1693951797
97,papatowai,-46.5619,169.4708,12.73,69,98,1.86,NZ,1693951400
98,isangel,-19.55,169.2667,25.06,78,75,2.57,VU,1693951415
99,cidreira,-30.1811,-50.2056,13.53,72,79,3.71,BR,1693951416
100,acarau,-2.8856,-40.12,26.11,81,4,8.62,BR,1693951467
101,turpan,42.9333,89.1667,24.28,41,100,0.35,CN,1693951798
102,mandan,46.8267,-100.8896,16.99,71,0,8.75,US,1693951635
103,dudinka,69.4058,86.1778,2.57,80,84,2.06,RU,1693951408
104,i-n-salah,27.1935,2.4607,38.49,15,21,3.54,DZ,1693951447
105,margaret river,-33.95,115.0667,13.46,53,84,9.66,AU,1693951389
106,tolanaro,-25.0319,46.9987,22.04,78,0,8.23,MG,1693951453
107,barakani,-12.1356,44.4317,24.42,80,10,3.81,KM,1693951798
108,ushuaia,-54.8,-68.3,1.81,60,0,2.57,AR,1693951310
109,basco,20.4487,121.9702,27.64,81,100,3.92,PH,1693951408
110,cannonvale,-20.2833,148.7,22.66,75,3,3.69,AU,1693951799
111,new norfolk,-42.7826,147.0587,11.07,71,96,2.2,AU,1693951420
112,san pedro pochutla,15.7333,-96.4667,30.95,63,94,2.69,MX,1693951799
113,wuwei,37.9281,102.6414,21.23,53,52,2.36,CN,1693951799
114,shingu,33.7333,135.9833,24.56,90,65,1.31,JP,1693951432
115,kodiak,57.79,-152.4072,12.73,76,0,2.57,US,1693951411
116,medina,24.4686,39.6142,37.24,9,0,1.03,SA,1693951602
117,ciudad sabinas hidalgo,26.5,-100.1667,40.37,20,0,6.71,MX,1693951799
118,iskateley,67.6803,53.1512,13.17,85,100,6.11,RU,1693951391
119,sumbe,-11.2061,13.8437,20.91,92,11,3.22,AO,1693951800
120,okha,53.5739,142.9478,13.14,90,92,5.89,RU,1693951468
121,ritchie,-29.038,24.6028,6.93,33,49,4.4,ZA,1693951800
122,sinabang,2.4803,96.3801,24.19,93,100,1.84,ID,1693951410
123,broome,42.2506,-75.833,30.8,77,0,3.09,US,1693951801
124,kotlas,61.2611,46.6556,15.59,70,100,1.34,RU,1693951801
125,lesnoy,57.6198,63.0784,6.21,82,19,2.1,RU,1693951801
126,esmeraldas,-19.7625,-44.3139,23.48,75,65,4.56,BR,1693951802
127,olonkinbyen,70.9221,-8.7187,6.1,91,69,9.21,SJ,1693951384
128,brisas de zicatela,15.8369,-97.0419,29.29,54,75,0.0,MX,1693951802
129,piacabucu,-10.4056,-36.4344,23.8,83,6,4.89,BR,1693951431
130,okeechobee,27.2439,-80.8298,30.56,64,75,2.57,US,1693951802
131,paoua,7.2427,16.4406,19.07,96,96,1.23,CF,1693951803
132,klyuchi,52.2667,79.1667,10.11,67,93,2.75,RU,1693951400
133,mili,6.0815,171.735,28.86,76,64,5.03,MH,1693951425
134,neya,58.2972,43.8681,12.37,72,100,2.46,RU,1693951803
135,nouadhibou,20.931,-17.0347,25.99,57,20,6.69,MR,1693951467
136,ampanihy,-24.7,44.75,19.9,66,0,1.39,MG,1693951804
137,juneau,58.3019,-134.4197,15.12,93,31,1.22,US,1693951270
138,qaqortoq,60.7167,-46.0333,6.24,99,100,1.41,GL,1693951412
139,huilong,31.8111,121.655,26.63,90,21,3.92,CN,1693951804
140,albany,42.6001,-73.9662,31.0,70,73,0.89,US,1693951387
141,ancud,-41.8697,-73.8203,9.79,86,100,13.93,CL,1693951231
142,longyearbyen,78.2186,15.6401,5.91,81,75,3.6,SJ,1693951384
143,susanville,40.4163,-120.653,25.37,42,0,3.58,US,1693951703
144,tazovsky,67.4667,78.7,4.23,89,12,2.24,RU,1693951391
145,barra de santo antonio,-9.4047,-35.5072,24.6,83,16,5.35,BR,1693951805
146,saipan,15.1355,145.701,26.39,94,75,4.12,MP,1693951423
147,isafjordur,66.0755,-23.124,12.17,90,89,8.03,IS,1693951416
148,port alfred,-33.5906,26.891,11.21,75,23,2.24,ZA,1693951399
149,college,64.8569,-147.8028,14.18,81,100,2.57,US,1693951373
150,tual,-5.6667,132.75,25.05,84,32,7.0,ID,1693951805
151,madison,34.7334,-86.5667,31.58,64,75,0.89,US,1693951587
152,puerto ayora,-0.7393,-90.3518,26.98,87,53,2.68,EC,1693951403
153,madera,37.1666,-119.8343,33.34,32,0,2.58,US,1693951751
154,aasiaat,68.7098,-52.8699,3.8,95,100,5.04,GL,1693951388
155,anadyr,64.75,177.4833,4.28,86,75,8.0,RU,1693951413
156,cam ranh,11.9214,109.1591,26.98,94,40,0.51,VN,1693951806
157,n'zeto,-7.2312,12.8666,21.85,92,87,2.84,AO,1693951806
158,bardai,11.65,7.2333,22.38,85,28,2.78,NG,1693951416
159,colonia,50.9333,6.95,23.23,64,0,2.06,DE,1693951235
160,la passe,45.5549,-0.8967,26.13,56,73,3.5,FR,1693951431
161,punta del este,-34.9667,-54.95,9.06,68,75,3.13,UY,1693951203
162,zuunmod,47.7069,106.9528,18.57,46,62,3.32,MN,1693951807
163,petropavlovsk-kamchatsky,53.0452,158.6483,9.33,87,0,1.0,RU,1693951185
164,polyarnyy,69.1989,33.4478,7.95,81,95,2.48,RU,1693951402
165,brookings,44.3114,-96.7984,27.0,62,100,4.12,US,1693951245
166,acapulco de juarez,16.8634,-99.8901,30.9,70,75,3.6,MX,1693951732
167,nar'yan-mar,67.6713,53.087,13.65,82,100,6.47,RU,1693951258
168,ataq,14.5377,46.8319,29.0,42,86,1.75,YE,1693951808
169,argo,37.6333,22.7333,19.88,82,100,1.54,GR,1693951469
170,vilyuysk,63.7553,121.6247,2.16,96,100,4.31,RU,1693951382
171,empangeni,-28.762,31.8933,17.28,81,100,6.87,ZA,1693951248
172,vorgashor,67.5833,63.95,7.97,70,27,4.11,RU,1693951410
173,port mathurin,-19.6833,63.4167,22.54,75,12,7.51,MU,1693951389
174,montana,43.4125,23.225,18.37,57,66,0.8,BG,1693951808
175,al hazm,16.1641,44.7769,30.48,16,27,1.65,YE,1693951809
176,ust-nera,64.5667,143.2,6.7,64,87,1.58,RU,1693951425
177,kuqa,41.7278,82.9364,21.31,18,4,3.07,CN,1693951809
178,namibe,-15.1961,12.1522,16.98,86,13,1.7,AO,1693951385
179,guaruja,-23.9931,-46.2564,20.5,26,100,0.45,BR,1693951809
180,puerto baquerizo moreno,-0.9,-89.6,25.55,78,75,5.14,EC,1693951411
181,st. john's,47.5649,-52.7093,18.49,96,100,1.54,CA,1693951481
182,chernyshevskiy,63.0128,112.4714,-3.93,87,5,1.41,RU,1693951810
183,nybro,56.7446,15.9071,17.25,85,0,2.4,SE,1693951810
184,achit,56.7985,57.8994,8.2,90,23,0.25,RU,1693951810
185,crane,31.3974,-102.3501,40.22,13,0,1.62,US,1693951399
186,santiago de cao,-7.9589,-79.2392,22.07,78,30,5.14,PE,1693951810
187,vila velha,-20.3297,-40.2925,24.97,85,20,6.17,BR,1693951434
188,le touquet-paris-plage,50.5243,1.5857,20.94,88,0,1.54,FR,1693951811
189,nuuk,64.1835,-51.7216,5.49,93,100,9.39,GL,1693951433
190,lionel town,17.8101,-77.2406,31.94,68,21,5.04,JM,1693951811
191,ca mau,9.1769,105.15,24.94,92,100,2.17,VN,1693951811
192,mogadishu,2.0371,45.3438,25.06,90,63,9.19,SO,1693951811
193,plymouth,41.8334,-70.8328,30.48,72,0,2.06,US,1693951811
194,kutulik,53.3508,102.7839,12.94,94,100,5.95,RU,1693951811
195,kharakvasla,18.4333,73.7667,21.59,96,84,2.27,IN,1693951811
196,uberlandia,-18.9186,-48.2772,27.7,46,72,2.24,BR,1693951812
197,al qadarif,14.0349,35.3834,24.77,79,100,3.01,SD,1693951641
198,kristiansund,63.1115,7.732,11.36,76,40,3.09,NO,1693951448
199,harlingen,26.1906,-97.6961,38.05,63,0,8.75,US,1693951731
200,dalandzadgad,43.5708,104.425,20.28,39,1,4.93,MN,1693951812
201,kosh-agach,50.0,88.6667,2.81,82,45,0.3,RU,1693951812
202,anyang,36.0994,114.3289,21.8,87,1,2.24,CN,1693951526
203,funafuti,-8.5243,179.1942,28.0,89,75,8.23,TV,1693951432
204,hasaki,35.7333,140.8333,26.28,84,100,4.08,JP,1693951463
205,ust'-kalmanka,52.1207,83.305,11.3,89,60,2.04,RU,1693951813
206,dolores,-36.3132,-57.6792,6.47,66,84,3.27,AR,1693951453
207,coyhaique,-45.5752,-72.0662,8.97,43,75,3.09,CL,1693951813
208,abuja,9.0574,7.4898,24.08,94,26,0.89,NG,1693951579
209,constantia,44.1833,28.65,20.39,58,91,5.58,RO,1693951427
210,taltal,-25.4,-70.4833,16.5,74,47,4.69,CL,1693951221
211,kavkazskaya,45.445,40.6728,19.41,86,86,2.73,RU,1693951813
212,bikenibeu village,1.3673,173.1241,30.98,74,20,4.63,KI,1693951409
213,redondo,38.6487,-7.5471,20.38,68,69,2.37,PT,1693951814
214,san juan,-31.5375,-68.5364,17.22,38,40,3.11,AR,1693951752
215,ebon,4.582,168.6964,29.07,75,88,6.73,MH,1693951571
216,jamestown,42.097,-79.2353,28.8,57,0,3.09,US,1693951316
217,badger,64.8,-147.5333,14.14,78,100,2.57,US,1693951410
218,remire-montjoly,4.9167,-52.2667,28.02,74,0,2.06,GF,1693951395
219,kuanda,56.3161,116.0806,10.4,67,100,0.6,RU,1693951469
220,kone,-21.0595,164.8658,23.87,70,99,3.19,NC,1693951438
221,nemuro,43.3236,145.575,16.69,99,100,5.54,JP,1693951393
222,zhezqazghan,47.7833,67.7667,12.27,55,44,3.29,KZ,1693951815
223,kavieng,-2.5744,150.7967,27.4,82,27,4.08,PG,1693951815
224,teguise,29.0605,-13.564,22.12,73,20,2.06,ES,1693951815
225,santa elena de uairen,4.6167,-61.1333,24.68,57,69,1.62,VE,1693951815
226,broken hill,-31.95,141.4333,13.5,44,0,3.03,AU,1693951815
227,nova vicosa,-17.8919,-39.3719,23.84,84,53,5.42,BR,1693951191
228,sisimiut,66.9395,-53.6735,5.71,96,100,5.29,GL,1693951815
229,sorokino,53.75,84.9167,10.56,87,91,2.86,RU,1693951815
230,prince albert,53.2001,-105.7677,15.97,39,75,2.57,CA,1693951545
231,manacapuru,-3.2997,-60.6206,30.5,42,15,0.93,BR,1693951816
232,suntar,62.1444,117.6319,0.88,90,93,3.27,RU,1693951816
233,gornyak,50.9942,81.4661,11.92,86,100,1.56,RU,1693951816
234,kataba,13.9833,44.3833,22.0,50,45,1.9,YE,1693951816
235,saint-felicien,48.6501,-72.4491,25.24,74,0,1.25,CA,1693951816
236,atafu village,-8.5421,-172.5159,28.4,78,7,7.52,TK,1693951412
237,petropavlovka,50.6114,105.3196,17.41,82,100,1.33,RU,1693951817
238,kourou,5.1552,-52.6478,29.03,79,7,3.88,GF,1693951208
239,bay roberts,47.5999,-53.2648,18.7,96,98,0.45,CA,1693951817
240,vernon,50.2581,-119.2691,26.53,27,82,2.09,CA,1693951667
241,alappuzha,9.49,76.3264,25.55,84,100,1.34,IN,1693951683
242,mvurwi,-17.0333,30.85,15.45,44,0,1.19,ZW,1693951817
243,melekeok village,7.4957,134.6367,26.31,89,75,0.0,PW,1693951817
244,kamba,11.8486,3.6576,25.79,77,65,2.84,NG,1693951817
245,crucecita,-28.95,-58.9833,13.87,68,7,3.45,AR,1693951818
246,ceylanpinar,36.8472,40.05,30.9,22,0,2.61,TR,1693951818
247,kingston,17.997,-76.7936,31.53,82,40,8.23,JM,1693951229
248,urangan,-25.3,152.9,20.94,77,2,3.01,AU,1693951334
249,sola,-13.8833,167.55,26.16,81,100,10.76,VU,1693951818
250,metro,-5.1131,105.3067,21.53,95,96,1.97,ID,1693951818
251,whitehorse,60.7161,-135.0538,15.43,49,40,1.03,CA,1693951412
252,kailua-kona,19.6406,-155.9956,30.15,73,20,4.63,US,1693951399
253,gulf shores,30.246,-87.7008,32.99,62,5,3.13,US,1693951819
254,suwayr,30.1171,40.3893,31.51,13,19,1.1,SA,1693951819
255,taiynsha,53.8478,69.7639,8.74,85,91,4.13,KZ,1693951819
256,brokopondo,4.75,-55.1667,30.84,53,7,1.29,SR,1693951819
257,mancio lima,-7.6142,-72.8958,27.2,79,96,0.58,BR,1693951819
258,charlestown,-32.95,151.6667,14.45,58,0,0.89,AU,1693951819
259,sidi ifni,29.3797,-10.173,21.32,79,91,3.75,MA,1693951819
260,perevolotskiy,51.8763,54.1938,16.43,51,100,1.68,RU,1693951820
261,urengoy,65.9667,78.3667,6.73,77,40,1.34,RU,1693951820
262,jackson,42.4165,-122.8345,28.75,36,0,2.06,US,1693951168
263,lewiston orchards,46.3804,-116.9754,28.73,41,0,0.0,US,1693951820
264,mount gambier,-37.8333,140.7667,7.31,74,59,4.72,AU,1693951820
265,canutama,-6.5339,-64.3831,33.6,26,5,0.94,BR,1693951820
266,road town,18.4167,-64.6167,30.05,66,20,2.06,VG,1693951821
267,el porvenir,13.7617,-87.3458,31.63,75,92,0.5,HN,1693951821
268,touros,-5.1989,-35.4608,25.07,79,24,7.28,BR,1693951153
269,cooma,-36.2333,149.1333,5.05,50,0,2.1,AU,1693951821
270,kigorobya,1.6162,31.3089,19.38,89,21,2.68,UG,1693951821
271,arraial do cabo,-22.9661,-42.0278,21.92,88,75,10.29,BR,1693951766
272,antsiranana,-12.2787,49.2917,22.44,77,1,6.64,MG,1693951821
273,gadzhiyevo,69.2551,33.3362,7.78,81,95,2.7,RU,1693951465
274,charters towers,-20.1,146.2667,18.89,83,10,4.03,AU,1693951822
275,nyurba,63.2842,118.3319,1.57,96,100,3.24,RU,1693951392
276,enewetak,11.3474,162.3373,28.88,75,98,2.67,MH,1693951384
277,santa teresa del tuy,10.2341,-66.6631,28.93,63,81,0.97,VE,1693951822
278,geraldton,-28.7667,114.6,15.23,94,75,6.17,AU,1693951822
279,keflavik,64.0049,-22.5624,11.95,100,100,9.77,IS,1693951434
280,komotini,41.1228,25.3964,22.81,68,69,1.79,GR,1693951625
281,iowa falls,42.5225,-93.2513,32.08,45,100,4.12,US,1693951822
282,jamaame,0.0697,42.745,24.71,87,85,5.38,SO,1693951823
283,ciudad lazaro cardenas,17.9583,-102.2,29.95,67,100,4.3,MX,1693951401
284,kas,36.2018,29.6377,24.48,76,97,1.59,TR,1693951823
285,port-vila,-17.7338,168.3219,24.48,78,100,8.55,VU,1693951769
286,vanimo,-2.6741,141.3028,26.31,81,93,2.3,PG,1693951823
287,vorkuta,67.5,64.0,8.05,70,25,3.98,RU,1693951823
288,yatou,37.15,122.3833,21.7,92,0,2.95,CN,1693951824
289,la sarre,48.8002,-79.1996,30.63,43,0,4.1,CA,1693951824
290,castanos,26.7833,-101.4167,37.17,20,0,5.78,MX,1693951804
291,fada,9.5667,8.3,20.11,93,22,0.75,NG,1693951824
292,morehead city,34.7229,-76.726,34.01,81,0,3.58,US,1693951657
293,malvan,16.0667,73.4667,26.25,83,40,2.97,IN,1693951824
294,saki,8.6667,3.3833,21.1,95,98,1.87,NG,1693951824
295,itapecuru mirim,-3.3925,-44.3586,28.54,56,21,3.16,BR,1693951824
296,soavinandriana,-19.1667,46.7333,11.57,75,0,2.43,MG,1693951825
297,prainha,-1.8,-53.48,32.57,42,78,2.5,BR,1693951825
298,puerto deseado,-47.7503,-65.8938,4.61,67,85,6.52,AR,1693951413
299,tralee,52.2704,-9.7026,15.65,96,55,2.83,IE,1693951394
300,idrinskoye,54.3708,92.1358,9.7,90,28,1.41,RU,1693951825
301,chonchi,-42.6128,-73.8092,8.95,98,100,4.02,CL,1693951414
302,callao,-12.0667,-77.15,21.16,73,100,6.17,PE,1693951406
303,labasa,-16.4167,179.3833,26.33,66,67,4.36,FJ,1693951469
304,barranca,-10.75,-77.7667,20.0,77,70,5.82,PE,1693951327
305,walvis bay,-22.9575,14.5053,11.72,73,80,7.56,NA,1693951826
306,tazacorte,28.629,-17.9293,23.54,89,0,2.57,ES,1693951826
307,santana,-0.0583,-51.1817,30.1,66,20,5.66,BR,1693951450
308,usinsk,65.9939,57.5281,11.72,89,90,6.49,RU,1693951577
309,virginia beach,36.8529,-75.978,33.02,65,75,3.09,US,1693951625
310,kapuskasing,49.4169,-82.4331,34.05,43,40,7.72,CA,1693951559
311,ulsteinvik,62.3432,5.8487,13.2,84,9,0.89,NO,1693951827
312,galliano,29.4422,-90.2992,33.33,52,0,2.06,US,1693951827
313,qamdo,31.1667,97.2333,2.91,87,81,0.63,CN,1693951540
314,yeppoon,-23.1333,150.7333,18.88,70,0,3.31,AU,1693951827
315,huarmey,-10.0681,-78.1522,21.38,74,95,5.72,PE,1693951827
316,saint-paul,-21.0096,55.2707,20.06,81,84,1.37,RE,1693951827
317,bandarbeyla,9.4942,50.8122,26.78,71,24,9.57,SO,1693951441
318,sequeira,40.5536,-7.2259,16.16,70,38,1.12,PT,1693951668
319,pozarevac,44.6153,21.1825,15.62,62,8,2.08,RS,1693951828
320,bamyan,34.75,67.25,4.94,56,0,1.7,AF,1693951828
321,tikrit,34.6071,43.6782,35.98,14,0,3.34,IQ,1693951828
322,male,4.1748,73.5089,25.97,94,100,6.17,MV,1693951828
323,starkville,33.4504,-88.8184,32.43,48,20,3.09,US,1693951829
324,arteche,12.2645,125.4048,25.63,87,100,1.5,PH,1693951829
325,praia da vitoria,38.7333,-27.0667,21.53,83,75,11.54,PT,1693951405
326,usogorsk,63.4106,48.6872,14.21,76,100,3.78,RU,1693951829
327,baruun-urt,46.6806,113.2792,16.74,57,33,2.22,MN,1693951829
328,chiang kham,19.5233,100.3,23.22,98,100,0.34,TH,1693951829
329,benghazi,32.1167,20.0667,25.03,61,24,3.2,LY,1693951829
330,luba,3.4568,8.5547,24.94,89,67,2.62,GQ,1693951830
331,kununurra,-15.7667,128.7333,18.99,82,40,2.06,AU,1693951396
332,bereznik,62.8551,42.7072,14.36,84,99,5.46,RU,1693951830
333,roses,42.262,3.1769,23.97,79,5,1.34,ES,1693951830
334,jolo,6.05,121.0167,25.61,89,83,1.46,PH,1693951830
335,aripuana,-9.1667,-60.6333,31.83,25,9,0.59,BR,1693951830
336,pacific grove,36.6177,-121.9166,25.69,79,20,4.12,US,1693951673
337,al harithah,30.7186,47.7208,28.98,42,0,2.06,IQ,1693951831
338,bekondo,4.6819,9.3214,21.27,98,56,1.05,CM,1693951831
339,taikang,46.8333,124.4167,15.57,93,2,2.74,CN,1693951831
340,mascara,35.3966,0.1403,21.9,59,36,1.32,DZ,1693951831
341,terekli-mekteb,44.1671,45.8698,22.34,80,46,2.57,RU,1693951831
342,colesberg,-30.72,25.0972,3.98,37,10,2.58,ZA,1693951831
343,el calafate,-50.3408,-72.2768,-0.88,78,64,0.76,AR,1693951831
344,mirny,62.5353,113.9611,-2.09,92,9,1.79,RU,1693951832
345,albertina,-22.2008,-46.6158,18.53,94,98,1.39,BR,1693951832
346,utrik,11.2278,169.8474,28.48,73,96,5.84,MH,1693951445
347,morant bay,17.8815,-76.4093,31.79,77,87,4.69,JM,1693951832
348,sorong,-0.8833,131.25,25.29,89,52,4.49,ID,1693951832
349,saint-francois,46.4154,3.9054,19.82,72,0,0.0,FR,1693951832
350,kaintragarh,20.7167,84.5333,24.19,96,100,1.02,IN,1693951833
351,santa ana,33.7456,-117.8678,28.37,74,100,4.12,US,1693951679
352,palmer,42.1584,-72.3287,31.78,63,75,1.54,US,1693951833
353,labrador city,52.9463,-66.9114,21.27,47,45,2.69,CA,1693951833
354,sabha,27.0377,14.4283,29.28,21,5,5.12,LY,1693951833
355,buka,40.8108,69.1986,15.17,31,5,1.61,UZ,1693951833
356,nguigmi,14.2495,13.1092,28.95,55,3,8.03,NE,1693951833
357,natal,-5.795,-35.2094,25.36,78,20,2.57,BR,1693951662
358,taoudenni,22.6783,-3.9836,31.54,43,78,5.68,ML,1693951396
359,thunder bay,48.4001,-89.3168,25.65,68,99,2.06,CA,1693951834
360,east london,-33.0153,27.9116,14.14,57,35,8.79,ZA,1693951401
361,spring creek,40.7266,-115.5859,21.83,29,54,3.02,US,1693951834
362,kampong chhnang,12.1667,104.55,24.88,91,98,1.02,KH,1693951834
363,tateyama,34.9833,139.8667,27.96,84,100,8.37,JP,1693951449
364,vilyuchinsk,52.9306,158.4028,10.15,64,34,0.84,RU,1693951394
365,darwin,-12.4611,130.8418,20.99,89,20,1.54,AU,1693951362
366,salinas,36.6777,-121.6555,31.12,68,0,5.66,US,1693951767
367,dunedin,-45.8742,170.5036,13.93,70,49,2.24,NZ,1693951835
368,arkhara,49.4212,130.0842,10.31,83,2,1.63,RU,1693951835
369,khandyga,62.6667,135.6,8.65,74,100,1.56,RU,1693951427
370,fortuna,40.5982,-124.1573,21.63,68,0,7.2,US,1693951471
371,melfort,52.8667,-104.6177,17.11,35,92,0.53,CA,1693951835
372,zheleznogorsk-ilimskiy,56.5768,104.1217,11.37,73,100,0.81,RU,1693951835
373,cabinda,-5.55,12.2,22.06,94,48,2.45,AO,1693951836
374,sabang,5.8933,95.3214,27.52,76,100,6.63,ID,1693951836
375,ath thawrah,35.8469,38.5443,27.91,50,0,7.74,SY,1693951836
376,richards bay,-28.783,32.0377,18.67,77,100,8.77,ZA,1693951398
377,baneh,35.9975,45.8853,20.7,25,0,0.86,IR,1693951836
378,bamboo flat,11.7,92.7167,27.05,83,75,5.14,IN,1693951443
379,porto novo,6.4965,2.6036,24.01,91,100,2.89,BJ,1693951791
380,kaa-khem,51.6833,94.7333,10.11,88,53,0.63,RU,1693951455
381,ankang,32.68,109.0172,18.04,72,4,1.36,CN,1693951818
382,port macquarie,-31.4333,152.9167,15.5,45,0,2.51,AU,1693951837
383,jining,35.405,116.5814,21.05,87,0,1.03,CN,1693951837
384,piton saint-leu,-21.2196,55.3151,18.06,40,75,4.63,RE,1693951837
385,raipur,21.2333,81.6333,24.2,93,100,3.3,IN,1693951837
386,qashar,53.3906,62.9297,3.88,88,52,1.65,KZ,1693951837
387,shklow,54.2108,30.2919,15.74,69,99,3.69,BY,1693951837
388,pariaman,-0.619,100.12,24.03,90,100,2.02,ID,1693951578
389,ola,59.5833,151.2833,11.19,74,99,3.94,RU,1693951407
390,karwar,14.8,74.1333,25.44,85,100,1.79,IN,1693951838
391,red hill,33.9996,-79.2581,34.1,72,52,3.68,US,1693951838
392,selfoss,63.9331,-20.9971,11.14,97,100,5.39,IS,1693951439
393,tucuma,-0.1833,-50.05,28.26,70,47,4.37,BR,1693951838
394,pasni,25.2631,63.471,25.98,88,6,3.16,PK,1693951838
395,el alto,-4.2714,-81.2147,23.81,73,22,7.9,PE,1693951838
396,akureyri,65.6835,-18.0878,12.4,75,13,5.62,IS,1693951839
397,san antonio de pale,-1.4014,5.6325,23.35,88,50,5.48,GQ,1693951296
398,barah,13.7,30.3667,26.26,56,94,2.99,SD,1693951839
399,kerman,30.2832,57.0788,23.25,15,0,2.56,IR,1693951839
400,sombreffe,50.5286,4.5984,22.23,77,0,2.06,BE,1693951839
401,sittwe,20.15,92.9,26.7,90,100,4.98,MM,1693951839
402,kurumkan,54.3,110.3,13.98,73,100,1.63,RU,1693951839
403,kaoma,-14.7833,24.8,19.27,34,0,2.84,ZM,1693951840
404,motygino,58.1831,94.7592,11.99,99,100,0.91,RU,1693951840
405,nasarawa,8.5294,7.7242,23.26,94,13,0.32,NG,1693951840
406,yelizovo,53.1873,158.3805,10.62,81,0,1.0,RU,1693951840
407,midvagur,62.0511,-7.1939,10.46,87,100,3.09,FO,1693951840
408,nizhneangarsk,55.7833,109.55,11.18,73,100,0.79,RU,1693951840
409,peace river,56.2501,-117.286,16.69,56,99,3.85,CA,1693951758
410,wankaner,22.6167,70.9333,26.79,77,1,5.0,IN,1693951841
411,flying fish cove,-10.4217,105.6791,23.82,78,75,5.66,CX,1693951570
412,zliten,32.4674,14.5687,25.05,57,0,5.56,LY,1693951841
413,xiongzhou,25.1167,114.3,23.97,99,100,1.22,CN,1693951841
414,mar del plata,-38.0023,-57.5575,8.01,69,0,5.14,AR,1693951409
415,xicotencatl,23.0167,-98.8833,39.41,27,3,4.35,MX,1693951841
416,peebles,55.6519,-3.1888,14.99,87,6,0.89,GB,1693951842
417,cockburn town,21.4612,-71.1419,29.51,70,36,0.41,TC,1693951420
418,misratah,32.3754,15.0925,25.27,57,1,5.94,LY,1693951842
419,ban dan lan hoi,17.0068,99.575,24.91,89,100,1.01,TH,1693951842
420,khorixas,-20.3667,14.9667,16.48,34,42,1.92,NA,1693951842
421,kamina,-8.7386,24.9906,21.14,68,76,2.49,CD,1693951842
422,pangody,65.85,74.4859,7.18,74,54,2.54,RU,1693951842
423,mahalapye,-23.1041,26.8142,21.85,23,4,3.22,BW,1693951843
424,lemvig,56.5486,8.3102,15.67,95,5,2.99,DK,1693951843
425,ozernyy,55.5802,32.4127,15.35,74,100,3.51,RU,1693951843
426,kavaratti,10.5669,72.642,27.67,79,98,6.84,IN,1693951410
427,banos,-1.4,-78.4167,20.39,74,71,2.74,EC,1693951843
428,tofol,5.3248,163.0078,28.88,84,75,1.54,FM,1693951440
429,promyshlennaya,54.9159,85.6385,11.53,87,96,3.77,RU,1693951843
430,harstad,68.799,16.5293,8.66,95,100,9.83,NO,1693951844
431,colima,19.1667,-104.0,27.78,78,89,1.51,MX,1693951622
432,tsengel,49.4783,100.8894,13.44,86,89,2.83,MN,1693951844
433,sydney mines,46.2367,-60.2177,18.97,97,100,4.02,CA,1693951844
434,jiwani,25.05,61.7417,26.45,86,45,2.47,PK,1693951844
435,igarka,67.4667,86.5833,3.65,82,0,2.23,RU,1693951844
436,afaahiti,-17.75,-149.2833,26.93,89,100,10.33,PF,1693951429
437,fort bragg,35.139,-79.006,35.81,48,0,2.57,US,1693951845
438,trairi,-3.2778,-39.2689,25.99,80,3,5.81,BR,1693951759
439,colares,38.7992,-9.4469,20.74,86,62,12.52,PT,1693951845
440,mount carmel,38.4109,-87.7614,30.44,41,97,5.86,US,1693951845
441,khilok,51.3674,110.4676,13.01,93,100,1.52,RU,1693951845
442,poronaysk,49.2167,143.1167,15.67,91,46,0.46,RU,1693951460
443,fort mcmurray,56.7268,-111.381,17.78,29,100,1.55,CA,1693951625
444,inhambane,-23.865,35.3833,20.68,83,0,4.71,MZ,1693951846
445,plettenberg bay,-34.0527,23.3716,10.17,78,19,4.71,ZA,1693951708
446,tevriz,57.509,72.4042,9.42,97,100,3.61,RU,1693951846
447,papao,-17.75,-149.55,27.82,92,100,11.56,PF,1693951408
448,sur,22.5667,59.5289,29.04,64,4,4.29,OM,1693951846
449,chibougamau,49.9168,-74.3659,30.79,48,0,4.63,CA,1693951440
450,forster,-32.1667,152.5167,14.1,73,0,1.97,AU,1693951846
451,daru,-9.0763,143.2092,24.71,86,88,6.31,PG,1693951389
452,itupiranga,-5.1347,-49.3267,29.18,32,17,0.63,BR,1693951846
453,yung shue wan,22.2333,114.1167,28.75,77,100,4.23,HK,1693951847
454,miguel auza,24.2933,-103.4503,31.12,19,10,7.05,MX,1693951847
455,roccella ionica,38.322,16.4009,21.67,78,65,7.41,IT,1693951847
456,kokopo,-4.352,152.2633,27.34,73,74,3.95,PG,1693951847
457,shimoda,34.6667,138.95,26.17,82,100,5.15,JP,1693951420
458,schwarzenbach an der saale,50.2167,11.9333,16.27,83,5,1.54,DE,1693951847
459,lompoc,34.6391,-120.4579,29.32,75,7,3.58,US,1693951422
460,newman,37.3138,-121.0208,34.47,10,0,1.31,US,1693951848
461,longmen,24.9597,118.0889,24.57,99,99,1.47,CN,1693951848
462,tanjung pandan,-2.75,107.65,23.68,92,93,2.77,ID,1693951709
463,cabo san lucas,22.8909,-109.9124,35.61,58,0,6.17,MX,1693951848
464,marquette,46.5333,-87.6335,28.91,70,100,2.68,US,1693951849
465,pimentel,-6.8367,-79.9342,24.16,64,20,9.26,PE,1693951849
466,ad dabbah,18.05,30.95,33.69,31,100,2.75,SD,1693951849
467,sabinanigo,42.5192,-0.3661,21.18,82,2,2.35,ES,1693951849
468,haparanda,65.8355,24.1368,10.03,68,100,6.42,SE,1693951849
469,gujo,35.7369,136.9585,25.13,96,100,0.65,JP,1693951849
470,tottori,35.5,134.2333,26.04,83,75,1.54,JP,1693951290
471,palu,-0.8917,119.8707,23.49,95,75,1.23,ID,1693951654
472,san julian,21.0167,-102.1667,27.59,30,99,3.26,MX,1693951850
473,hirara,24.8,125.2833,25.15,94,100,1.03,JP,1693951413
474,cafayate,-26.073,-65.9761,14.48,59,8,4.36,AR,1693951850
475,north bend,43.4065,-124.2243,24.02,59,0,8.75,US,1693951850
476,sao jose da coroa grande,-8.8978,-35.1478,24.33,80,15,5.32,BR,1693951850
477,nuku'alofa,-21.1333,-175.2,24.19,64,20,5.66,TO,1693951418
478,vyazemskiy,47.5378,134.7525,11.08,79,1,3.52,RU,1693951850
479,souillac,-20.5167,57.5167,21.22,76,2,3.31,MU,1693951850
480,kindu,-2.95,25.95,20.44,96,43,0.95,CD,1693951851
481,lagunas,-5.2269,-75.6753,29.81,61,94,0.82,PE,1693951851
482,sungai penuh,-2.0833,101.3833,17.1,92,89,1.58,ID,1693951851
483,san jose de jachal,-30.2406,-68.7469,15.29,41,22,2.69,AR,1693951851
484,korla,41.7597,86.1469,21.14,23,33,4.28,CN,1693951851
485,zayed city,24.3768,54.589,35.0,75,0,4.12,AE,1693951452
486,nuriootpa,-34.4833,139.0,10.28,63,1,2.82,AU,1693951851
487,prachuap khiri khan,12.2167,99.75,22.87,91,100,1.41,TH,1693951581
488,zuwarah,32.9312,12.082,25.58,59,3,6.33,LY,1693951852
489,castelldefels,41.2779,1.9703,25.38,78,0,3.6,ES,1693951852
490,rosarito,32.3333,-117.0333,26.46,66,2,3.4,MX,1693951852
491,port-gentil,-0.7193,8.7815,23.98,88,40,4.12,GA,1693951852
492,tomatlan,19.9333,-105.25,29.88,75,45,2.74,MX,1693951852
493,flin flon,54.7682,-101.865,17.63,22,1,3.16,CA,1693951852
494,swanage,50.6092,-1.9626,18.09,89,49,1.34,GB,1693951852
495,derzhavinsk,51.1,66.3167,11.05,60,98,1.55,KZ,1693951853
496,freetown,8.484,-13.2299,25.13,83,99,4.28,SL,1693951853
497,san andres,12.5847,-81.7006,31.01,79,20,2.57,CO,1693951466
498,cadale,2.7603,46.3222,25.28,89,37,10.08,SO,1693951853
499,port saint john's,-31.6229,29.5448,14.64,57,57,5.48,ZA,1693951409
500,brezina,33.0989,1.2608,31.43,19,72,4.18,DZ,1693951553
501,ulcinj,41.9294,19.2244,25.12,54,21,7.29,ME,1693951584
502,center,31.5107,-96.4247,39.89,35,0,4.12,US,1693951854
503,queenstown,-31.8976,26.8753,4.65,43,41,2.9,ZA,1693951854
504,macapa,0.0389,-51.0664,29.99,66,20,5.66,BR,1693951854
505,barguzin,53.6167,109.6167,13.6,85,100,1.29,RU,1693951854
506,suva,-18.1416,178.4415,26.71,65,75,3.6,FJ,1693951854
507,andrelandia,-21.7397,-44.3092,18.08,94,99,3.32,BR,1693951854
508,revda,56.801,59.9303,6.05,89,20,0.72,RU,1693951854
509,candelaria,13.9311,121.4233,25.21,88,100,1.12,PH,1693951855
510,sechelt,49.4664,-123.7694,22.4,60,35,3.05,CA,1693951855
511,okhotsk,59.3833,143.3,9.85,83,100,4.76,RU,1693951855
512,laguna,38.421,-121.4238,33.39,33,0,2.06,US,1693951416
513,isyangulovo,52.1909,52.1909,17.58,51,100,0.68,RU,1693951855
514,oneonta,42.4529,-75.0638,29.53,86,16,2.59,US,1693951780
515,hawick,55.4227,-2.7867,15.32,95,4,1.48,GB,1693951855
516,boguchany,58.3814,97.4531,11.93,67,100,1.12,RU,1693951856
517,san patricio,28.017,-97.5169,36.77,47,0,7.2,US,1693951438
518,huautla de jimenez,18.1315,-96.8409,22.51,57,28,2.75,MX,1693951856
519,kudahuvadhoo,2.6708,72.8944,27.62,76,45,5.39,MV,1693951856
520,san pablo villa de mitla,16.9167,-96.4,19.13,67,83,2.74,MX,1693951856
521,chillicothe,39.3331,-82.9824,32.92,44,40,4.02,US,1693951817
522,guarapari,-20.6667,-40.4975,24.94,86,5,7.87,BR,1693951856
523,traverse city,44.7631,-85.6206,34.35,47,75,5.14,US,1693951709
524,aksuat,48.7167,83.7,11.32,76,92,1.53,KZ,1693951857
525,cheremukhovo,60.3484,59.9851,5.8,80,9,1.15,RU,1693951857
526,butwal,27.7006,83.4484,26.28,67,98,1.75,NP,1693951857
527,dryden,49.7833,-92.7503,15.16,94,100,6.17,CA,1693951857
528,al khafji,28.4391,48.4913,35.39,33,0,5.36,SA,1693951857
529,paranaiba,-19.6772,-51.1908,29.52,50,75,2.97,BR,1693951857
530,glace bay,46.1969,-59.957,18.36,97,100,7.72,CA,1693951423
531,hadibu,12.65,54.0333,26.04,83,98,4.04,YE,1693951407
532,ironwood,46.4547,-90.171,30.45,54,0,4.63,US,1693951858
533,aweil,8.7682,27.4002,23.13,88,99,1.69,SS,1693951858
534,minot,48.2325,-101.2963,18.12,39,0,6.17,US,1693951858
535,humaita,-7.5061,-63.0208,33.49,22,9,1.01,BR,1693951858
536,yenotayevka,47.2456,47.0281,19.82,47,88,4.01,RU,1693951858
537,cromwell,41.5951,-72.6454,31.62,74,40,1.54,US,1693951858
538,katsuura,35.1333,140.3,28.01,86,100,7.72,JP,1693951438
539,rio grande,-32.035,-52.0986,11.06,69,3,5.32,BR,1693951409
540,weno,7.4515,151.8468,27.97,83,100,0.0,FM,1693951859
541,carbondale,37.7273,-89.2168,28.0,78,20,5.14,US,1693951823
542,turtas,58.9417,69.1325,6.73,81,99,2.65,RU,1693951859
543,zag,46.9441,99.165,12.17,72,100,0.85,MN,1693951859
544,esme,38.3998,28.969,20.95,63,99,2.02,TR,1693951859
545,arawa,-6.2132,155.5367,27.19,89,100,2.3,PG,1693951860
546,greenbank,-27.7167,152.9833,21.73,73,100,1.26,AU,1693951860
547,muisne,0.6,-80.0333,25.41,80,74,4.28,EC,1693951860
548,fort st. john,56.2499,-120.8529,14.94,47,75,4.63,CA,1693951226
549,novoishimskiy,53.1981,66.7694,10.19,64,100,3.35,KZ,1693951860
550,khuzdar,27.7384,66.6434,25.89,52,0,0.81,PK,1693951860
551,nishinoomote,30.7333,131.0,27.33,79,74,0.94,JP,1693951447
552,lyndon,38.2567,-85.6016,32.1,64,0,4.63,US,1693951861
553,el fasher,13.6279,25.3494,29.73,48,98,1.82,SD,1693951861
554,tura,25.5198,90.2201,25.0,90,81,1.31,IN,1693951406
555,bela,25.9333,81.9833,25.88,90,100,2.64,IN,1693951861
556,gstaad,46.4721,7.2869,20.26,87,5,2.1,CH,1693951861
557,banda aceh,5.5577,95.3222,25.65,78,100,4.09,ID,1693951710
558,howard springs,-12.497,131.047,21.01,93,9,1.69,AU,1693951861
559,grand-bourg,15.8835,-61.3148,27.97,75,51,5.61,GP,1693951861
560,reserve,30.0538,-90.5518,33.32,65,40,6.17,US,1693951862
561,nantucket,41.2835,-70.0995,27.08,87,0,3.6,US,1693951862
562,uturoa,-16.7333,-151.4333,24.92,82,90,10.87,PF,1693951409
563,kargasok,59.0556,80.8572,11.15,96,75,3.28,RU,1693951862
564,del rio,29.3627,-100.8968,39.57,33,0,7.2,US,1693951862
565,augusto correa,-1.0217,-46.635,26.37,75,15,3.17,BR,1693951862
566,dongola,19.1667,30.4833,37.1,12,100,4.22,SD,1693951862
567,sitka,57.0531,-135.33,15.94,59,20,2.57,US,1693951117
568,san luis de la loma,17.2706,-100.8939,29.66,70,100,3.89,MX,1693951863
569,meadow lakes,61.6247,-149.6011,15.11,82,0,1.54,US,1693951863
570,marka,1.7159,44.7717,24.79,90,53,8.39,SO,1693951863
571,kasongo-lunda,-6.4667,16.8167,24.65,62,7,2.59,CD,1693951863
572,san jose,37.3394,-121.895,32.49,43,0,5.14,US,1693951801
573,nagqu,31.5,92.0,1.64,62,100,1.83,CN,1693951863
574,straseni,47.1414,28.6103,17.96,69,1,3.49,MD,1693951864
575,mbandaka,0.0487,18.2603,21.07,94,41,1.26,CD,1693951864
576,rantauprapat,2.1,99.8333,23.18,98,100,0.43,ID,1693951864
